mlopez|Maria Fernanda|Lopez|Ramorez|mlopez@example.com|A1fjsjfslsss|05-03-1999|F|2223456789|2223456790|LOMR990305MDFRMRA5|2
rcamacho|Ricardo|Camacho|Salinas|rcamacho@example.com|A1fjsjfslsss|12-07-1988|M|5512345678|5512345679|CASR880712HDFMLCD2|1
aluna|Ana Lucia|Luna|Pérez|aluna@example.com|A1fjsjfslsss|23-11-2003|F|3312234455|3312234466|LUPA031123MJCNRNA8|2
jhuerta|Julio César|Huerta|Medina|lilnasx@xx.xx|A1fjsjfslsss|09-02-1995|M|8189987766|8189987767|HUMJ950209HNLDDLL4|3
krobles|Karen|Robles|Vega|krobles@example.com|A1fjsjfslsss|30-08-2000|F|4491122334|4491122335|ROVK000830MGTBGRA1|2
fpedraza|Fernando|Pedraza|Ortega|fpedraza@example.com|A1fjsjfslsss|14-05-1992|M|6677788899|6677788890|PEOF920514HSLDRRN3|4
svelazquez|Sofia|Velázquez|Nava|svelazquez@example.com|A1fjsjfslsss|21-01-2005|F|2296675544|2296675545|VENL050121MVZLVFA7|2
dgarcia|Diego Armando|García|Torres|dgarcia@example.com|A1fjsjfslsss|10-10-1997|M|7743345566|7743345567|GATD971010HPLRRGA6|1
mpalomar|Monserrat|Palomar|Ibarra|mpalomar@example.com|A1fjsjfslsss|04-06-2002|F|6142233445|6142233446|PAIM020604MCHLBRR2|1
elandeta|Eduardo|Landeta|Cruz|elandeta@example.com|A1fjsjfslsss|27-09-1990|M|9619988776|9619988777|LACE900927HCSRDRM1|1